门锁编号,身份证号,加密后身份证号,操作类型,密码编号,操作结果,返回信息,操作时间戳,是否检查操作状态,下发密码状态码,密码检测信息,PwdUserName,mobile,生效时间,过期时间
11.140.2.58,421182198706084134,bd1b02751c1f2770bd54302c969988064663affecad19a98,1001,1,HH0000,成功,1547858935060,1,01,启用中,test-send-pass-xyb,13121651514,1547858935000,1547859235000
11.140.2.58,110224198907193845,6a06c025355352b87528ba568c07d2fddbc5454820713091,1001,2,HH0000,成功,1547859535060,1,11,已启用,test-send-pass-xyb,13121651514,1547859535000,1547859835000
11.140.2.58,450702198606305118,cd39c660382e1b00eb590923ddb5ed44740d274d3dfb8284,1001,3,HH0000,成功,1547860135060,1,11,已启用,test-send-pass-xyb,13121651514,1547860135000,1547860435000
11.140.2.58,130303199310022615,c80703254bda175f5ffd7ced782ece4681ad700c7e007f34,1001,4,HH0000,成功,1547860735060,1,11,已启用,test-send-pass-xyb,13121651514,1547860735000,1547861035000
11.140.2.58,411023198704115016,480857b15abbcc12d1d4ccafc1a7e454a90c5fdf0e021b55,1001,5,HH0000,成功,1547861335060,1,11,已启用,test-send-pass-xyb,13121651514,1547861335000,1547861635000
11.140.2.58,421182198706084134,bd1b02751c1f2770bd54302c969988064663affecad19a98,1001,6,HH0000,成功,1547861935060,1,11,已启用,test-send-pass-xyb,13121651514,1547861935000,1547862235000
11.140.2.58,110224198907193845,6a06c025355352b87528ba568c07d2fddbc5454820713091,1001,1,HH0000,成功,1547862535060,1,01,启用中,test-send-pass-xyb,13121651514,1547862535000,1547862835000
11.140.2.58,110224198907193845,,1002,2,HH0000,成功,1547859005187,1,03,删除中,test-send-pass-xyb,13121651514,1547859535000,1547859835000
11.140.2.58,450702198606305118,cd39c660382e1b00eb590923ddb5ed44740d274d3dfb8284,1001,2,HH0000,成功,1547863135060,1,11,已启用,test-send-pass-xyb,13121651514,1547863135000,1547863435000
11.140.2.58,130303199310022615,c80703254bda175f5ffd7ced782ece4681ad700c7e007f34,1001,3,HH0000,成功,1547863735060,1,11,已启用,test-send-pass-xyb,13121651514,1547863735000,1547864035000
11.140.2.58,411023198704115016,480857b15abbcc12d1d4ccafc1a7e454a90c5fdf0e021b55,1001,4,HH0000,成功,1547864335060,1,11,已启用,test-send-pass-xyb,13121651514,1547864335000,1547864635000
11.140.2.58,421182198706084134,bd1b02751c1f2770bd54302c969988064663affecad19a98,1001,5,HH0000,成功,1547864935060,1,11,已启用,test-send-pass-xyb,13121651514,1547864935000,1547865235000
11.140.2.58,110224198907193845,6a06c025355352b87528ba568c07d2fddbc5454820713091,1001,6,HH0000,成功,1547865535060,1,11,已启用,test-send-pass-xyb,13121651514,1547865535000,1547865835000
11.140.2.58,450702198606305118,cd39c660382e1b00eb590923ddb5ed44740d274d3dfb8284,1001,1,HH0000,成功,1547866135060,1,01,启用中,test-send-pass-xyb,13121651514,1547866135000,1547866435000
11.140.2.58,450702198606305118,,1002,2,HH0000,成功,1547859065198,1,03,删除中,test-send-pass-xyb,13121651514,1547863135000,1547863435000
11.140.2.58,130303199310022615,c80703254bda175f5ffd7ced782ece4681ad700c7e007f34,1001,2,HH0000,成功,1547866735060,1,11,已启用,test-send-pass-xyb,13121651514,1547866735000,1547867035000
11.140.2.58,411023198704115016,480857b15abbcc12d1d4ccafc1a7e454a90c5fdf0e021b55,1001,3,HH0000,成功,1547867335060,1,11,已启用,test-send-pass-xyb,13121651514,1547867335000,1547867635000
11.140.2.58,421182198706084134,bd1b02751c1f2770bd54302c969988064663affecad19a98,1001,4,HH0000,成功,1547867935060,1,11,已启用,test-send-pass-xyb,13121651514,1547867935000,1547868235000
11.140.2.58,110224198907193845,6a06c025355352b87528ba568c07d2fddbc5454820713091,1001,5,HH0000,成功,1547868535060,1,11,已启用,test-send-pass-xyb,13121651514,1547868535000,1547868835000
11.140.2.58,450702198606305118,cd39c660382e1b00eb590923ddb5ed44740d274d3dfb8284,1001,6,HH0000,成功,1547869135060,1,01,启用中,test-send-pass-xyb,13121651514,1547869135000,1547869435000
11.140.2.58,130303199310022615,c80703254bda175f5ffd7ced782ece4681ad700c7e007f34,1001,1,HH0000,成功,1547869735060,1,01,启用中,test-send-pass-xyb,13121651514,1547869735000,1547870035000
11.140.2.58,130303199310022615,,1002,2,HH0000,成功,1547859125191,1,03,删除中,test-send-pass-xyb,13121651514,1547866735000,1547867035000
11.140.2.58,411023198704115016,480857b15abbcc12d1d4ccafc1a7e454a90c5fdf0e021b55,1001,2,HH0000,成功,1547870335060,1,11,已启用,test-send-pass-xyb,13121651514,1547870335000,1547870635000
11.140.2.58,421182198706084134,bd1b02751c1f2770bd54302c969988064663affecad19a98,1001,3,HH0000,成功,1547870935060,1,11,已启用,test-send-pass-xyb,13121651514,1547870935000,1547871235000
11.140.2.58,110224198907193845,6a06c025355352b87528ba568c07d2fddbc5454820713091,1001,4,HH0000,成功,1547871535060,1,11,已启用,test-send-pass-xyb,13121651514,1547871535000,1547871835000
11.140.2.58,450702198606305118,cd39c660382e1b00eb590923ddb5ed44740d274d3dfb8284,1001,5,HH0000,成功,1547872135060,1,11,已启用,test-send-pass-xyb,13121651514,1547872135000,1547872435000
11.140.2.58,130303199310022615,c80703254bda175f5ffd7ced782ece4681ad700c7e007f34,1001,6,HH0000,成功,1547872735060,1,11,已启用,test-send-pass-xyb,13121651514,1547872735000,1547873035000
11.140.2.58,411023198704115016,480857b15abbcc12d1d4ccafc1a7e454a90c5fdf0e021b55,1001,1,HH0000,成功,1547873335060,1,01,启用中,test-send-pass-xyb,13121651514,1547873335000,1547873635000
11.140.2.58,411023198704115016,,1002,2,HH0000,成功,1547859185176,1,03,删除中,test-send-pass-xyb,13121651514,1547870335000,1547870635000
11.140.2.58,421182198706084134,bd1b02751c1f2770bd54302c969988064663affecad19a98,1001,2,HH0000,成功,1547873935060,1,11,已启用,test-send-pass-xyb,13121651514,1547873935000,1547874235000
11.140.2.58,110224198907193845,6a06c025355352b87528ba568c07d2fddbc5454820713091,1001,3,HH0000,成功,1547874535060,1,11,已启用,test-send-pass-xyb,13121651514,1547874535000,1547874835000
11.140.2.58,450702198606305118,cd39c660382e1b00eb590923ddb5ed44740d274d3dfb8284,1001,4,HH0000,成功,1547875135060,1,11,已启用,test-send-pass-xyb,13121651514,1547875135000,1547875435000
11.140.2.58,130303199310022615,c80703254bda175f5ffd7ced782ece4681ad700c7e007f34,1001,5,HH0000,成功,1547875735060,1,11,已启用,test-send-pass-xyb,13121651514,1547875735000,1547876035000
11.140.2.58,411023198704115016,480857b15abbcc12d1d4ccafc1a7e454a90c5fdf0e021b55,1001,6,HH0000,成功,1547876335060,1,11,已启用,test-send-pass-xyb,13121651514,1547876335000,1547876635000
11.140.2.58,421182198706084134,bd1b02751c1f2770bd54302c969988064663affecad19a98,1001,1,HH0000,成功,1547876935060,1,01,启用中,test-send-pass-xyb,13121651514,1547876935000,1547877235000
11.140.2.58,421182198706084134,,1002,2,HH0000,成功,1547859245187,1,03,删除中,test-send-pass-xyb,13121651514,1547873935000,1547874235000
11.140.2.58,110224198907193845,6a06c025355352b87528ba568c07d2fddbc5454820713091,1001,2,HH0000,成功,1547877535060,1,11,已启用,test-send-pass-xyb,13121651514,1547877535000,1547877835000
11.140.2.58,450702198606305118,cd39c660382e1b00eb590923ddb5ed44740d274d3dfb8284,1001,3,HH0000,成功,1547878135060,1,11,已启用,test-send-pass-xyb,13121651514,1547878135000,1547878435000
11.140.2.58,130303199310022615,c80703254bda175f5ffd7ced782ece4681ad700c7e007f34,1001,4,HH0000,成功,1547878735060,1,11,已启用,test-send-pass-xyb,13121651514,1547878735000,1547879035000
11.140.2.58,411023198704115016,480857b15abbcc12d1d4ccafc1a7e454a90c5fdf0e021b55,1001,5,HH0000,成功,1547879335060,1,11,已启用,test-send-pass-xyb,13121651514,1547879335000,1547879635000
11.140.2.58,421182198706084134,bd1b02751c1f2770bd54302c969988064663affecad19a98,1001,6,HH0000,成功,1547879935060,1,11,已启用,test-send-pass-xyb,13121651514,1547879935000,1547880235000
11.140.2.58,110224198907193845,6a06c025355352b87528ba568c07d2fddbc5454820713091,1001,1,HH0000,成功,1547880535060,1,01,启用中,test-send-pass-xyb,13121651514,1547880535000,1547880835000
11.140.2.58,110224198907193845,,1002,2,HH0000,成功,1547859305178,1,03,删除中,test-send-pass-xyb,13121651514,1547877535000,1547877835000
11.140.2.58,450702198606305118,cd39c660382e1b00eb590923ddb5ed44740d274d3dfb8284,1001,2,HH0000,成功,1547881135060,1,11,已启用,test-send-pass-xyb,13121651514,1547881135000,1547881435000
11.140.2.58,130303199310022615,c80703254bda175f5ffd7ced782ece4681ad700c7e007f34,1001,3,HH0000,成功,1547881735060,1,11,已启用,test-send-pass-xyb,13121651514,1547881735000,1547882035000
11.140.2.58,411023198704115016,480857b15abbcc12d1d4ccafc1a7e454a90c5fdf0e021b55,1001,4,HH0000,成功,1547882335060,1,11,已启用,test-send-pass-xyb,13121651514,1547882335000,1547882635000
11.140.2.58,421182198706084134,bd1b02751c1f2770bd54302c969988064663affecad19a98,1001,5,HH0000,成功,1547882935060,1,11,已启用,test-send-pass-xyb,13121651514,1547882935000,1547883235000
11.140.2.58,110224198907193845,6a06c025355352b87528ba568c07d2fddbc5454820713091,1001,6,HH0000,成功,1547883535060,1,11,已启用,test-send-pass-xyb,13121651514,1547883535000,1547883835000
11.140.2.58,450702198606305118,cd39c660382e1b00eb590923ddb5ed44740d274d3dfb8284,1001,1,HH0000,成功,1547884135060,1,01,启用中,test-send-pass-xyb,13121651514,1547884135000,1547884435000
11.140.2.58,450702198606305118,,1002,2,HH0000,成功,1547859365179,1,03,删除中,test-send-pass-xyb,13121651514,1547881135000,1547881435000
11.140.2.58,130303199310022615,c80703254bda175f5ffd7ced782ece4681ad700c7e007f34,1001,2,HH0000,成功,1547884735060,1,11,已启用,test-send-pass-xyb,13121651514,1547884735000,1547885035000
11.140.2.58,411023198704115016,480857b15abbcc12d1d4ccafc1a7e454a90c5fdf0e021b55,1001,3,HH0000,成功,1547885335060,1,11,已启用,test-send-pass-xyb,13121651514,1547885335000,1547885635000
11.140.2.58,421182198706084134,bd1b02751c1f2770bd54302c969988064663affecad19a98,1001,4,HH0000,成功,1547885935060,1,01,启用中,test-send-pass-xyb,13121651514,1547885935000,1547886235000
11.140.2.58,110224198907193845,6a06c025355352b87528ba568c07d2fddbc5454820713091,1001,5,HH0000,成功,1547886535060,1,11,已启用,test-send-pass-xyb,13121651514,1547886535000,1547886835000
11.140.2.58,450702198606305118,cd39c660382e1b00eb590923ddb5ed44740d274d3dfb8284,1001,6,HH0000,成功,1547887135060,1,11,已启用,test-send-pass-xyb,13121651514,1547887135000,1547887435000
11.140.2.58,130303199310022615,c80703254bda175f5ffd7ced782ece4681ad700c7e007f34,1001,1,HH0000,成功,1547887735060,1,01,启用中,test-send-pass-xyb,13121651514,1547887735000,1547888035000
11.140.2.58,130303199310022615,,1002,2,HH0000,成功,1547859425177,1,03,删除中,test-send-pass-xyb,13121651514,1547884735000,1547885035000
11.140.2.58,411023198704115016,480857b15abbcc12d1d4ccafc1a7e454a90c5fdf0e021b55,1001,2,HH0000,成功,1547888335060,1,11,已启用,test-send-pass-xyb,13121651514,1547888335000,1547888635000
11.140.2.58,421182198706084134,bd1b02751c1f2770bd54302c969988064663affecad19a98,1001,3,HH0000,成功,1547888935060,1,11,已启用,test-send-pass-xyb,13121651514,1547888935000,1547889235000
11.140.2.58,110224198907193845,6a06c025355352b87528ba568c07d2fddbc5454820713091,1001,4,HH0000,成功,1547889535060,1,11,已启用,test-send-pass-xyb,13121651514,1547889535000,1547889835000
11.140.2.58,450702198606305118,cd39c660382e1b00eb590923ddb5ed44740d274d3dfb8284,1001,5,HH0000,成功,1547890135060,1,01,启用中,test-send-pass-xyb,13121651514,1547890135000,1547890435000
11.140.2.58,130303199310022615,c80703254bda175f5ffd7ced782ece4681ad700c7e007f34,1001,6,HH0000,成功,1547890735060,1,11,已启用,test-send-pass-xyb,13121651514,1547890735000,1547891035000
11.140.2.58,411023198704115016,480857b15abbcc12d1d4ccafc1a7e454a90c5fdf0e021b55,1001,1,HH0000,成功,1547891335060,1,01,启用中,test-send-pass-xyb,13121651514,1547891335000,1547891635000
11.140.2.58,411023198704115016,,1002,2,HH0000,成功,1547859485184,1,03,删除中,test-send-pass-xyb,13121651514,1547888335000,1547888635000
11.140.2.58,421182198706084134,bd1b02751c1f2770bd54302c969988064663affecad19a98,1001,2,HH0000,成功,1547891935060,1,11,已启用,test-send-pass-xyb,13121651514,1547891935000,1547892235000
11.140.2.58,110224198907193845,6a06c025355352b87528ba568c07d2fddbc5454820713091,1001,3,HH0000,成功,1547892535060,1,11,已启用,test-send-pass-xyb,13121651514,1547892535000,1547892835000
11.140.2.58,450702198606305118,cd39c660382e1b00eb590923ddb5ed44740d274d3dfb8284,1001,4,HH0000,成功,1547893135060,1,11,已启用,test-send-pass-xyb,13121651514,1547893135000,1547893435000
11.140.2.58,130303199310022615,c80703254bda175f5ffd7ced782ece4681ad700c7e007f34,1001,5,HH0000,成功,1547893735060,1,11,已启用,test-send-pass-xyb,13121651514,1547893735000,1547894035000
11.140.2.58,411023198704115016,480857b15abbcc12d1d4ccafc1a7e454a90c5fdf0e021b55,1001,6,HH0000,成功,1547894335060,1,11,已启用,test-send-pass-xyb,13121651514,1547894335000,1547894635000
11.140.2.58,421182198706084134,bd1b02751c1f2770bd54302c969988064663affecad19a98,1001,1,HH0000,成功,1547894935060,1,01,启用中,test-send-pass-xyb,13121651514,1547894935000,1547895235000
11.140.2.58,421182198706084134,,1002,2,HH0000,成功,1547859545187,1,03,删除中,test-send-pass-xyb,13121651514,1547891935000,1547892235000
11.140.2.58,110224198907193845,6a06c025355352b87528ba568c07d2fddbc5454820713091,1001,2,HH0000,成功,1547895535060,1,11,已启用,test-send-pass-xyb,13121651514,1547895535000,1547895835000
11.140.2.58,450702198606305118,cd39c660382e1b00eb590923ddb5ed44740d274d3dfb8284,1001,3,HH0000,成功,1547896135060,1,11,已启用,test-send-pass-xyb,13121651514,1547896135000,1547896435000
11.140.2.58,130303199310022615,c80703254bda175f5ffd7ced782ece4681ad700c7e007f34,1001,4,HH0000,成功,1547896735060,1,11,已启用,test-send-pass-xyb,13121651514,1547896735000,1547897035000
11.140.2.58,411023198704115016,480857b15abbcc12d1d4ccafc1a7e454a90c5fdf0e021b55,1001,5,HH0000,成功,1547897335060,1,11,已启用,test-send-pass-xyb,13121651514,1547897335000,1547897635000
11.140.2.58,421182198706084134,bd1b02751c1f2770bd54302c969988064663affecad19a98,1001,6,HH0000,成功,1547897935060,1,11,已启用,test-send-pass-xyb,13121651514,1547897935000,1547898235000
11.140.2.58,110224198907193845,6a06c025355352b87528ba568c07d2fddbc5454820713091,1001,1,HH0000,成功,1547898535060,1,01,启用中,test-send-pass-xyb,13121651514,1547898535000,1547898835000
11.140.2.58,110224198907193845,,1002,2,HH0000,成功,1547859605176,1,03,删除中,test-send-pass-xyb,13121651514,1547895535000,1547895835000
11.140.2.58,450702198606305118,cd39c660382e1b00eb590923ddb5ed44740d274d3dfb8284,1001,2,HH0000,成功,1547899135060,1,11,已启用,test-send-pass-xyb,13121651514,1547899135000,1547899435000
11.140.2.58,130303199310022615,c80703254bda175f5ffd7ced782ece4681ad700c7e007f34,1001,3,HH0000,成功,1547899735060,1,11,已启用,test-send-pass-xyb,13121651514,1547899735000,1547900035000
11.140.2.58,411023198704115016,480857b15abbcc12d1d4ccafc1a7e454a90c5fdf0e021b55,1001,4,HH0000,成功,1547900335060,1,11,已启用,test-send-pass-xyb,13121651514,1547900335000,1547900635000
11.140.2.58,421182198706084134,bd1b02751c1f2770bd54302c969988064663affecad19a98,1001,5,HH0000,成功,1547900935060,1,11,已启用,test-send-pass-xyb,13121651514,1547900935000,1547901235000
